,Month,Product Category,Sales,Location
0,2022-01-01,Cigarettes,1016,cumulative_sales
1,2022-01-01,Other Tobacco,971,cumulative_sales
2,2022-01-01,Beer,1072,cumulative_sales
3,2022-01-01,Wine,806,cumulative_sales
4,2022-01-01,Packaged Beverages-nonalcoh,1230,cumulative_sales
5,2022-01-01,Candy,1191,cumulative_sales
6,2022-01-01,Fluid Milk Products,1468,cumulative_sales
7,2022-01-01,Other Dairy Deli,802,cumulative_sales
8,2022-01-01,Pkg Sand Other Products,1270,cumulative_sales
9,2022-01-01,Packaged Ice Cream Novelty,872,cumulative_sales
10,2022-01-01,Frozen Foods,1266,cumulative_sales
11,2022-01-01,Packaged Bread Comm Bakery,1436,cumulative_sales
12,2022-01-01,Salty Snacks,836,cumulative_sales
13,2022-01-01,Packaged Sweet Snacks,1053,cumulative_sales
14,2022-01-01,Alternative Snacks,1657,cumulative_sales
15,2022-01-01,Fresh Foods - Perish Groc,983,cumulative_sales
16,2022-01-01,Edible Grocery,1212,cumulative_sales
17,2022-01-01,Non-edible Grocery,850,cumulative_sales
18,2022-01-01,Health And Beauty Care,1461,cumulative_sales
19,2022-01-01,General Merchandise,1285,cumulative_sales
20,2022-01-01,Publications,769,cumulative_sales
21,2022-01-01,Automotive Products,962,cumulative_sales
22,2022-01-01,Store Services Fee Income,1128,cumulative_sales
23,2022-01-01,Store Services Fee Inc Tax,1238,cumulative_sales
24,2022-01-01,Ice Bags,1226,cumulative_sales
25,2022-01-01,Hot Dispensed Beverages,651,cumulative_sales
26,2022-01-01,Cold Dispensed Beverages,1202,cumulative_sales
27,2022-01-01,Frozen Dispensed Beverages,900,cumulative_sales
28,2022-01-01,Car Wash Sls,993,cumulative_sales
29,2022-01-01,Car Wash Vending Sales,519,cumulative_sales
30,2022-01-01,Chilled Bev Fee,1195,cumulative_sales
31,2022-01-01,Coupons,1249,cumulative_sales
32,2022-01-01,Cravins To Order,1547,cumulative_sales
33,2022-01-01,CTO Ing Shelf Stable,1235,cumulative_sales
34,2022-01-01,Fe Gift Cards Radiant,1005,cumulative_sales
35,2022-01-01,Floral,1484,cumulative_sales
36,2022-01-01,Fresh Bakery,1461,cumulative_sales
37,2022-01-01,Gen Merch Scan Data Sales,951,cumulative_sales
38,2022-01-01,JW European Cafe,1691,cumulative_sales
39,2022-01-01,Lottery Instant Tickets,1186,cumulative_sales
40,2022-01-01,Lottery ITVM Instant Tickets,1023,cumulative_sales
41,2022-01-01,Lottery Online Sales,881,cumulative_sales
42,2022-01-01,Manual Fuel Radiant,1222,cumulative_sales
43,2022-01-01,Money Orders Radiant,921,cumulative_sales
44,2022-01-01,Money Transfers,1041,cumulative_sales
45,2022-01-01,No Scan Merch Radiant,1494,cumulative_sales
46,2022-01-01,Novelty,974,cumulative_sales
47,2022-01-01,Phone Card Fee,805,cumulative_sales
48,2022-01-01,Supplies-retail,954,cumulative_sales
49,2022-02-01,Cigarettes,834,cumulative_sales
50,2022-02-01,Other Tobacco,1057,cumulative_sales
51,2022-02-01,Beer,791,cumulative_sales
52,2022-02-01,Wine,989,cumulative_sales
53,2022-02-01,Packaged Beverages-nonalcoh,1001,cumulative_sales
54,2022-02-01,Candy,1131,cumulative_sales
55,2022-02-01,Fluid Milk Products,874,cumulative_sales
56,2022-02-01,Other Dairy Deli,1077,cumulative_sales
57,2022-02-01,Pkg Sand Other Products,994,cumulative_sales
58,2022-02-01,Packaged Ice Cream Novelty,1197,cumulative_sales
59,2022-02-01,Frozen Foods,1464,cumulative_sales
60,2022-02-01,Packaged Bread Comm Bakery,1313,cumulative_sales
61,2022-02-01,Salty Snacks,1168,cumulative_sales
62,2022-02-01,Packaged Sweet Snacks,1307,cumulative_sales
63,2022-02-01,Alternative Snacks,1380,cumulative_sales
64,2022-02-01,Fresh Foods - Perish Groc,1744,cumulative_sales
65,2022-02-01,Edible Grocery,956,cumulative_sales
66,2022-02-01,Non-edible Grocery,1409,cumulative_sales
67,2022-02-01,Health And Beauty Care,977,cumulative_sales
68,2022-02-01,General Merchandise,786,cumulative_sales
69,2022-02-01,Publications,1022,cumulative_sales
70,2022-02-01,Automotive Products,807,cumulative_sales
71,2022-02-01,Store Services Fee Income,869,cumulative_sales
72,2022-02-01,Store Services Fee Inc Tax,987,cumulative_sales
73,2022-02-01,Ice Bags,1256,cumulative_sales
74,2022-02-01,Hot Dispensed Beverages,1225,cumulative_sales
75,2022-02-01,Cold Dispensed Beverages,1550,cumulative_sales
76,2022-02-01,Frozen Dispensed Beverages,1140,cumulative_sales
77,2022-02-01,Car Wash Sls,1741,cumulative_sales
78,2022-02-01,Car Wash Vending Sales,939,cumulative_sales
79,2022-02-01,Chilled Bev Fee,1008,cumulative_sales
80,2022-02-01,Coupons,838,cumulative_sales
81,2022-02-01,Cravins To Order,1178,cumulative_sales
82,2022-02-01,CTO Ing Shelf Stable,1227,cumulative_sales
83,2022-02-01,Fe Gift Cards Radiant,1230,cumulative_sales
84,2022-02-01,Floral,1485,cumulative_sales
85,2022-02-01,Fresh Bakery,1084,cumulative_sales
86,2022-02-01,Gen Merch Scan Data Sales,955,cumulative_sales
87,2022-02-01,JW European Cafe,871,cumulative_sales
88,2022-02-01,Lottery Instant Tickets,1550,cumulative_sales
89,2022-02-01,Lottery ITVM Instant Tickets,821,cumulative_sales
90,2022-02-01,Lottery Online Sales,869,cumulative_sales
91,2022-02-01,Manual Fuel Radiant,912,cumulative_sales
92,2022-02-01,Money Orders Radiant,869,cumulative_sales
93,2022-02-01,Money Transfers,598,cumulative_sales
94,2022-02-01,No Scan Merch Radiant,736,cumulative_sales
95,2022-02-01,Novelty,1409,cumulative_sales
96,2022-02-01,Phone Card Fee,1304,cumulative_sales
97,2022-02-01,Supplies-retail,1305,cumulative_sales
98,2022-03-01,Cigarettes,832,cumulative_sales
99,2022-03-01,Other Tobacco,1397,cumulative_sales
100,2022-03-01,Beer,1198,cumulative_sales
101,2022-03-01,Wine,761,cumulative_sales
102,2022-03-01,Packaged Beverages-nonalcoh,1379,cumulative_sales
103,2022-03-01,Candy,670,cumulative_sales
104,2022-03-01,Fluid Milk Products,1123,cumulative_sales
105,2022-03-01,Other Dairy Deli,960,cumulative_sales
106,2022-03-01,Pkg Sand Other Products,1221,cumulative_sales
107,2022-03-01,Packaged Ice Cream Novelty,1327,cumulative_sales
108,2022-03-01,Frozen Foods,1232,cumulative_sales
109,2022-03-01,Packaged Bread Comm Bakery,1224,cumulative_sales
110,2022-03-01,Salty Snacks,908,cumulative_sales
111,2022-03-01,Packaged Sweet Snacks,1033,cumulative_sales
112,2022-03-01,Alternative Snacks,1429,cumulative_sales
113,2022-03-01,Fresh Foods - Perish Groc,1127,cumulative_sales
114,2022-03-01,Edible Grocery,771,cumulative_sales
115,2022-03-01,Non-edible Grocery,896,cumulative_sales
116,2022-03-01,Health And Beauty Care,1674,cumulative_sales
117,2022-03-01,General Merchandise,1444,cumulative_sales
118,2022-03-01,Publications,1360,cumulative_sales
119,2022-03-01,Automotive Products,954,cumulative_sales
120,2022-03-01,Store Services Fee Income,1011,cumulative_sales
121,2022-03-01,Store Services Fee Inc Tax,947,cumulative_sales
122,2022-03-01,Ice Bags,1286,cumulative_sales
123,2022-03-01,Hot Dispensed Beverages,1073,cumulative_sales
124,2022-03-01,Cold Dispensed Beverages,1022,cumulative_sales
125,2022-03-01,Frozen Dispensed Beverages,1621,cumulative_sales
126,2022-03-01,Car Wash Sls,1122,cumulative_sales
127,2022-03-01,Car Wash Vending Sales,842,cumulative_sales
128,2022-03-01,Chilled Bev Fee,1010,cumulative_sales
129,2022-03-01,Coupons,878,cumulative_sales
130,2022-03-01,Cravins To Order,1428,cumulative_sales
131,2022-03-01,CTO Ing Shelf Stable,856,cumulative_sales
132,2022-03-01,Fe Gift Cards Radiant,601,cumulative_sales
133,2022-03-01,Floral,1452,cumulative_sales
134,2022-03-01,Fresh Bakery,1839,cumulative_sales
135,2022-03-01,Gen Merch Scan Data Sales,1133,cumulative_sales
136,2022-03-01,JW European Cafe,717,cumulative_sales
137,2022-03-01,Lottery Instant Tickets,1109,cumulative_sales
138,2022-03-01,Lottery ITVM Instant Tickets,1108,cumulative_sales
139,2022-03-01,Lottery Online Sales,796,cumulative_sales
140,2022-03-01,Manual Fuel Radiant,1109,cumulative_sales
141,2022-03-01,Money Orders Radiant,680,cumulative_sales
142,2022-03-01,Money Transfers,1401,cumulative_sales
143,2022-03-01,No Scan Merch Radiant,1247,cumulative_sales
144,2022-03-01,Novelty,669,cumulative_sales
145,2022-03-01,Phone Card Fee,1116,cumulative_sales
146,2022-03-01,Supplies-retail,951,cumulative_sales
147,2022-04-01,Cigarettes,1111,cumulative_sales
148,2022-04-01,Other Tobacco,1021,cumulative_sales
149,2022-04-01,Beer,1068,cumulative_sales
150,2022-04-01,Wine,1199,cumulative_sales
151,2022-04-01,Packaged Beverages-nonalcoh,850,cumulative_sales
152,2022-04-01,Candy,883,cumulative_sales
153,2022-04-01,Fluid Milk Products,951,cumulative_sales
154,2022-04-01,Other Dairy Deli,580,cumulative_sales
155,2022-04-01,Pkg Sand Other Products,1065,cumulative_sales
156,2022-04-01,Packaged Ice Cream Novelty,658,cumulative_sales
157,2022-04-01,Frozen Foods,1426,cumulative_sales
158,2022-04-01,Packaged Bread Comm Bakery,1300,cumulative_sales
159,2022-04-01,Salty Snacks,1411,cumulative_sales
160,2022-04-01,Packaged Sweet Snacks,974,cumulative_sales
161,2022-04-01,Alternative Snacks,1405,cumulative_sales
162,2022-04-01,Fresh Foods - Perish Groc,785,cumulative_sales
163,2022-04-01,Edible Grocery,1143,cumulative_sales
164,2022-04-01,Non-edible Grocery,1264,cumulative_sales
165,2022-04-01,Health And Beauty Care,1448,cumulative_sales
166,2022-04-01,General Merchandise,1245,cumulative_sales
167,2022-04-01,Publications,1406,cumulative_sales
168,2022-04-01,Automotive Products,930,cumulative_sales
169,2022-04-01,Store Services Fee Income,1141,cumulative_sales
170,2022-04-01,Store Services Fee Inc Tax,1382,cumulative_sales
171,2022-04-01,Ice Bags,933,cumulative_sales
172,2022-04-01,Hot Dispensed Beverages,1347,cumulative_sales
173,2022-04-01,Cold Dispensed Beverages,849,cumulative_sales
174,2022-04-01,Frozen Dispensed Beverages,869,cumulative_sales
175,2022-04-01,Car Wash Sls,1319,cumulative_sales
176,2022-04-01,Car Wash Vending Sales,1317,cumulative_sales
177,2022-04-01,Chilled Bev Fee,709,cumulative_sales
178,2022-04-01,Coupons,543,cumulative_sales
179,2022-04-01,Cravins To Order,1332,cumulative_sales
180,2022-04-01,CTO Ing Shelf Stable,1037,cumulative_sales
181,2022-04-01,Fe Gift Cards Radiant,746,cumulative_sales
182,2022-04-01,Floral,825,cumulative_sales
183,2022-04-01,Fresh Bakery,1401,cumulative_sales
184,2022-04-01,Gen Merch Scan Data Sales,881,cumulative_sales
185,2022-04-01,JW European Cafe,1215,cumulative_sales
186,2022-04-01,Lottery Instant Tickets,1230,cumulative_sales
187,2022-04-01,Lottery ITVM Instant Tickets,1506,cumulative_sales
188,2022-04-01,Lottery Online Sales,661,cumulative_sales
189,2022-04-01,Manual Fuel Radiant,1262,cumulative_sales
190,2022-04-01,Money Orders Radiant,721,cumulative_sales
191,2022-04-01,Money Transfers,1684,cumulative_sales
192,2022-04-01,No Scan Merch Radiant,745,cumulative_sales
193,2022-04-01,Novelty,1437,cumulative_sales
194,2022-04-01,Phone Card Fee,536,cumulative_sales
195,2022-04-01,Supplies-retail,768,cumulative_sales
196,2022-05-01,Cigarettes,1258,cumulative_sales
197,2022-05-01,Other Tobacco,893,cumulative_sales
198,2022-05-01,Beer,1087,cumulative_sales
199,2022-05-01,Wine,1425,cumulative_sales
200,2022-05-01,Packaged Beverages-nonalcoh,598,cumulative_sales
201,2022-05-01,Candy,1313,cumulative_sales
202,2022-05-01,Fluid Milk Products,1337,cumulative_sales
203,2022-05-01,Other Dairy Deli,636,cumulative_sales
204,2022-05-01,Pkg Sand Other Products,1278,cumulative_sales
205,2022-05-01,Packaged Ice Cream Novelty,1164,cumulative_sales
206,2022-05-01,Frozen Foods,563,cumulative_sales
207,2022-05-01,Packaged Bread Comm Bakery,872,cumulative_sales
208,2022-05-01,Salty Snacks,1266,cumulative_sales
209,2022-05-01,Packaged Sweet Snacks,1092,cumulative_sales
210,2022-05-01,Alternative Snacks,1156,cumulative_sales
211,2022-05-01,Fresh Foods - Perish Groc,807,cumulative_sales
212,2022-05-01,Edible Grocery,926,cumulative_sales
213,2022-05-01,Non-edible Grocery,1068,cumulative_sales
214,2022-05-01,Health And Beauty Care,1361,cumulative_sales
215,2022-05-01,General Merchandise,1641,cumulative_sales
216,2022-05-01,Publications,1158,cumulative_sales
217,2022-05-01,Automotive Products,621,cumulative_sales
218,2022-05-01,Store Services Fee Income,1147,cumulative_sales
219,2022-05-01,Store Services Fee Inc Tax,1404,cumulative_sales
220,2022-05-01,Ice Bags,1108,cumulative_sales
221,2022-05-01,Hot Dispensed Beverages,1345,cumulative_sales
222,2022-05-01,Cold Dispensed Beverages,1131,cumulative_sales
223,2022-05-01,Frozen Dispensed Beverages,1060,cumulative_sales
224,2022-05-01,Car Wash Sls,922,cumulative_sales
225,2022-05-01,Car Wash Vending Sales,862,cumulative_sales
226,2022-05-01,Chilled Bev Fee,726,cumulative_sales
227,2022-05-01,Coupons,1442,cumulative_sales
228,2022-05-01,Cravins To Order,871,cumulative_sales
229,2022-05-01,CTO Ing Shelf Stable,1295,cumulative_sales
230,2022-05-01,Fe Gift Cards Radiant,1176,cumulative_sales
231,2022-05-01,Floral,1084,cumulative_sales
232,2022-05-01,Fresh Bakery,859,cumulative_sales
233,2022-05-01,Gen Merch Scan Data Sales,1042,cumulative_sales
234,2022-05-01,JW European Cafe,835,cumulative_sales
235,2022-05-01,Lottery Instant Tickets,1164,cumulative_sales
236,2022-05-01,Lottery ITVM Instant Tickets,704,cumulative_sales
237,2022-05-01,Lottery Online Sales,1064,cumulative_sales
238,2022-05-01,Manual Fuel Radiant,1054,cumulative_sales
239,2022-05-01,Money Orders Radiant,933,cumulative_sales
240,2022-05-01,Money Transfers,1097,cumulative_sales
241,2022-05-01,No Scan Merch Radiant,982,cumulative_sales
242,2022-05-01,Novelty,1227,cumulative_sales
243,2022-05-01,Phone Card Fee,1044,cumulative_sales
244,2022-05-01,Supplies-retail,1148,cumulative_sales
245,2022-06-01,Cigarettes,1203,cumulative_sales
246,2022-06-01,Other Tobacco,1340,cumulative_sales
247,2022-06-01,Beer,930,cumulative_sales
248,2022-06-01,Wine,1341,cumulative_sales
249,2022-06-01,Packaged Beverages-nonalcoh,1409,cumulative_sales
250,2022-06-01,Candy,1120,cumulative_sales
251,2022-06-01,Fluid Milk Products,1587,cumulative_sales
252,2022-06-01,Other Dairy Deli,889,cumulative_sales
253,2022-06-01,Pkg Sand Other Products,596,cumulative_sales
254,2022-06-01,Packaged Ice Cream Novelty,1065,cumulative_sales
255,2022-06-01,Frozen Foods,1671,cumulative_sales
256,2022-06-01,Packaged Bread Comm Bakery,911,cumulative_sales
257,2022-06-01,Salty Snacks,1202,cumulative_sales
258,2022-06-01,Packaged Sweet Snacks,1001,cumulative_sales
259,2022-06-01,Alternative Snacks,1219,cumulative_sales
260,2022-06-01,Fresh Foods - Perish Groc,1339,cumulative_sales
261,2022-06-01,Edible Grocery,847,cumulative_sales
262,2022-06-01,Non-edible Grocery,432,cumulative_sales
263,2022-06-01,Health And Beauty Care,1174,cumulative_sales
264,2022-06-01,General Merchandise,997,cumulative_sales
265,2022-06-01,Publications,989,cumulative_sales
266,2022-06-01,Automotive Products,1197,cumulative_sales
267,2022-06-01,Store Services Fee Income,964,cumulative_sales
268,2022-06-01,Store Services Fee Inc Tax,1167,cumulative_sales
269,2022-06-01,Ice Bags,957,cumulative_sales
270,2022-06-01,Hot Dispensed Beverages,870,cumulative_sales
271,2022-06-01,Cold Dispensed Beverages,1316,cumulative_sales
272,2022-06-01,Frozen Dispensed Beverages,1354,cumulative_sales
273,2022-06-01,Car Wash Sls,1257,cumulative_sales
274,2022-06-01,Car Wash Vending Sales,1226,cumulative_sales
275,2022-06-01,Chilled Bev Fee,905,cumulative_sales
276,2022-06-01,Coupons,957,cumulative_sales
277,2022-06-01,Cravins To Order,859,cumulative_sales
278,2022-06-01,CTO Ing Shelf Stable,984,cumulative_sales
279,2022-06-01,Fe Gift Cards Radiant,1175,cumulative_sales
280,2022-06-01,Floral,938,cumulative_sales
281,2022-06-01,Fresh Bakery,1199,cumulative_sales
282,2022-06-01,Gen Merch Scan Data Sales,1254,cumulative_sales
283,2022-06-01,JW European Cafe,995,cumulative_sales
284,2022-06-01,Lottery Instant Tickets,1374,cumulative_sales
285,2022-06-01,Lottery ITVM Instant Tickets,832,cumulative_sales
286,2022-06-01,Lottery Online Sales,1407,cumulative_sales
287,2022-06-01,Manual Fuel Radiant,1011,cumulative_sales
288,2022-06-01,Money Orders Radiant,1301,cumulative_sales
289,2022-06-01,Money Transfers,1012,cumulative_sales
290,2022-06-01,No Scan Merch Radiant,1219,cumulative_sales
291,2022-06-01,Novelty,950,cumulative_sales
292,2022-06-01,Phone Card Fee,640,cumulative_sales
293,2022-06-01,Supplies-retail,878,cumulative_sales
294,2022-07-01,Cigarettes,1182,cumulative_sales
295,2022-07-01,Other Tobacco,1070,cumulative_sales
296,2022-07-01,Beer,971,cumulative_sales
297,2022-07-01,Wine,1049,cumulative_sales
298,2022-07-01,Packaged Beverages-nonalcoh,1228,cumulative_sales
299,2022-07-01,Candy,1154,cumulative_sales
300,2022-07-01,Fluid Milk Products,1211,cumulative_sales
301,2022-07-01,Other Dairy Deli,1388,cumulative_sales
302,2022-07-01,Pkg Sand Other Products,1738,cumulative_sales
303,2022-07-01,Packaged Ice Cream Novelty,1531,cumulative_sales
304,2022-07-01,Frozen Foods,741,cumulative_sales
305,2022-07-01,Packaged Bread Comm Bakery,717,cumulative_sales
306,2022-07-01,Salty Snacks,1368,cumulative_sales
307,2022-07-01,Packaged Sweet Snacks,847,cumulative_sales
308,2022-07-01,Alternative Snacks,489,cumulative_sales
309,2022-07-01,Fresh Foods - Perish Groc,948,cumulative_sales
310,2022-07-01,Edible Grocery,1438,cumulative_sales
311,2022-07-01,Non-edible Grocery,982,cumulative_sales
312,2022-07-01,Health And Beauty Care,941,cumulative_sales
313,2022-07-01,General Merchandise,1173,cumulative_sales
314,2022-07-01,Publications,895,cumulative_sales
315,2022-07-01,Automotive Products,1362,cumulative_sales
316,2022-07-01,Store Services Fee Income,1069,cumulative_sales
317,2022-07-01,Store Services Fee Inc Tax,827,cumulative_sales
318,2022-07-01,Ice Bags,939,cumulative_sales
319,2022-07-01,Hot Dispensed Beverages,665,cumulative_sales
320,2022-07-01,Cold Dispensed Beverages,1174,cumulative_sales
321,2022-07-01,Frozen Dispensed Beverages,1328,cumulative_sales
322,2022-07-01,Car Wash Sls,1310,cumulative_sales
323,2022-07-01,Car Wash Vending Sales,1295,cumulative_sales
324,2022-07-01,Chilled Bev Fee,1100,cumulative_sales
325,2022-07-01,Coupons,775,cumulative_sales
326,2022-07-01,Cravins To Order,1346,cumulative_sales
327,2022-07-01,CTO Ing Shelf Stable,920,cumulative_sales
328,2022-07-01,Fe Gift Cards Radiant,1222,cumulative_sales
329,2022-07-01,Floral,975,cumulative_sales
330,2022-07-01,Fresh Bakery,883,cumulative_sales
331,2022-07-01,Gen Merch Scan Data Sales,695,cumulative_sales
332,2022-07-01,JW European Cafe,722,cumulative_sales
333,2022-07-01,Lottery Instant Tickets,970,cumulative_sales
334,2022-07-01,Lottery ITVM Instant Tickets,1349,cumulative_sales
335,2022-07-01,Lottery Online Sales,1863,cumulative_sales
336,2022-07-01,Manual Fuel Radiant,1359,cumulative_sales
337,2022-07-01,Money Orders Radiant,1450,cumulative_sales
338,2022-07-01,Money Transfers,1214,cumulative_sales
339,2022-07-01,No Scan Merch Radiant,1239,cumulative_sales
340,2022-07-01,Novelty,1183,cumulative_sales
341,2022-07-01,Phone Card Fee,1104,cumulative_sales
342,2022-07-01,Supplies-retail,1147,cumulative_sales
343,2022-08-01,Cigarettes,1113,cumulative_sales
344,2022-08-01,Other Tobacco,825,cumulative_sales
345,2022-08-01,Beer,1037,cumulative_sales
346,2022-08-01,Wine,1113,cumulative_sales
347,2022-08-01,Packaged Beverages-nonalcoh,1471,cumulative_sales
348,2022-08-01,Candy,769,cumulative_sales
349,2022-08-01,Fluid Milk Products,1311,cumulative_sales
350,2022-08-01,Other Dairy Deli,1623,cumulative_sales
351,2022-08-01,Pkg Sand Other Products,1396,cumulative_sales
352,2022-08-01,Packaged Ice Cream Novelty,1030,cumulative_sales
353,2022-08-01,Frozen Foods,1266,cumulative_sales
354,2022-08-01,Packaged Bread Comm Bakery,1508,cumulative_sales
355,2022-08-01,Salty Snacks,1341,cumulative_sales
356,2022-08-01,Packaged Sweet Snacks,1240,cumulative_sales
357,2022-08-01,Alternative Snacks,1347,cumulative_sales
358,2022-08-01,Fresh Foods - Perish Groc,813,cumulative_sales
359,2022-08-01,Edible Grocery,1507,cumulative_sales
360,2022-08-01,Non-edible Grocery,1434,cumulative_sales
361,2022-08-01,Health And Beauty Care,1574,cumulative_sales
362,2022-08-01,General Merchandise,744,cumulative_sales
363,2022-08-01,Publications,858,cumulative_sales
364,2022-08-01,Automotive Products,1379,cumulative_sales
365,2022-08-01,Store Services Fee Income,1257,cumulative_sales
366,2022-08-01,Store Services Fee Inc Tax,1366,cumulative_sales
367,2022-08-01,Ice Bags,1311,cumulative_sales
368,2022-08-01,Hot Dispensed Beverages,1135,cumulative_sales
369,2022-08-01,Cold Dispensed Beverages,1328,cumulative_sales
370,2022-08-01,Frozen Dispensed Beverages,655,cumulative_sales
371,2022-08-01,Car Wash Sls,993,cumulative_sales
372,2022-08-01,Car Wash Vending Sales,871,cumulative_sales
373,2022-08-01,Chilled Bev Fee,632,cumulative_sales
374,2022-08-01,Coupons,600,cumulative_sales
375,2022-08-01,Cravins To Order,1461,cumulative_sales
376,2022-08-01,CTO Ing Shelf Stable,1193,cumulative_sales
377,2022-08-01,Fe Gift Cards Radiant,1043,cumulative_sales
378,2022-08-01,Floral,662,cumulative_sales
379,2022-08-01,Fresh Bakery,812,cumulative_sales
380,2022-08-01,Gen Merch Scan Data Sales,1102,cumulative_sales
381,2022-08-01,JW European Cafe,1302,cumulative_sales
382,2022-08-01,Lottery Instant Tickets,672,cumulative_sales
383,2022-08-01,Lottery ITVM Instant Tickets,1268,cumulative_sales
384,2022-08-01,Lottery Online Sales,1102,cumulative_sales
385,2022-08-01,Manual Fuel Radiant,1118,cumulative_sales
386,2022-08-01,Money Orders Radiant,1104,cumulative_sales
387,2022-08-01,Money Transfers,1491,cumulative_sales
388,2022-08-01,No Scan Merch Radiant,1011,cumulative_sales
389,2022-08-01,Novelty,1209,cumulative_sales
390,2022-08-01,Phone Card Fee,1253,cumulative_sales
391,2022-08-01,Supplies-retail,1042,cumulative_sales
392,2022-09-01,Cigarettes,795,cumulative_sales
393,2022-09-01,Other Tobacco,708,cumulative_sales
394,2022-09-01,Beer,552,cumulative_sales
395,2022-09-01,Wine,851,cumulative_sales
396,2022-09-01,Packaged Beverages-nonalcoh,1232,cumulative_sales
397,2022-09-01,Candy,1293,cumulative_sales
398,2022-09-01,Fluid Milk Products,955,cumulative_sales
399,2022-09-01,Other Dairy Deli,1311,cumulative_sales
400,2022-09-01,Pkg Sand Other Products,1396,cumulative_sales
401,2022-09-01,Packaged Ice Cream Novelty,817,cumulative_sales
402,2022-09-01,Frozen Foods,1507,cumulative_sales
403,2022-09-01,Packaged Bread Comm Bakery,1016,cumulative_sales
404,2022-09-01,Salty Snacks,1006,cumulative_sales
405,2022-09-01,Packaged Sweet Snacks,1028,cumulative_sales
406,2022-09-01,Alternative Snacks,1014,cumulative_sales
407,2022-09-01,Fresh Foods - Perish Groc,1235,cumulative_sales
408,2022-09-01,Edible Grocery,1199,cumulative_sales
409,2022-09-01,Non-edible Grocery,1130,cumulative_sales
410,2022-09-01,Health And Beauty Care,1205,cumulative_sales
411,2022-09-01,General Merchandise,1381,cumulative_sales
412,2022-09-01,Publications,789,cumulative_sales
413,2022-09-01,Automotive Products,1177,cumulative_sales
414,2022-09-01,Store Services Fee Income,1164,cumulative_sales
415,2022-09-01,Store Services Fee Inc Tax,666,cumulative_sales
416,2022-09-01,Ice Bags,970,cumulative_sales
417,2022-09-01,Hot Dispensed Beverages,1149,cumulative_sales
418,2022-09-01,Cold Dispensed Beverages,1281,cumulative_sales
419,2022-09-01,Frozen Dispensed Beverages,462,cumulative_sales
420,2022-09-01,Car Wash Sls,1067,cumulative_sales
421,2022-09-01,Car Wash Vending Sales,1046,cumulative_sales
422,2022-09-01,Chilled Bev Fee,839,cumulative_sales
423,2022-09-01,Coupons,785,cumulative_sales
424,2022-09-01,Cravins To Order,782,cumulative_sales
425,2022-09-01,CTO Ing Shelf Stable,1381,cumulative_sales
426,2022-09-01,Fe Gift Cards Radiant,677,cumulative_sales
427,2022-09-01,Floral,486,cumulative_sales
428,2022-09-01,Fresh Bakery,1580,cumulative_sales
429,2022-09-01,Gen Merch Scan Data Sales,1117,cumulative_sales
430,2022-09-01,JW European Cafe,1426,cumulative_sales
431,2022-09-01,Lottery Instant Tickets,1124,cumulative_sales
432,2022-09-01,Lottery ITVM Instant Tickets,669,cumulative_sales
433,2022-09-01,Lottery Online Sales,1061,cumulative_sales
434,2022-09-01,Manual Fuel Radiant,1384,cumulative_sales
435,2022-09-01,Money Orders Radiant,1329,cumulative_sales
436,2022-09-01,Money Transfers,1140,cumulative_sales
437,2022-09-01,No Scan Merch Radiant,1005,cumulative_sales
438,2022-09-01,Novelty,1076,cumulative_sales
439,2022-09-01,Phone Card Fee,1227,cumulative_sales
440,2022-09-01,Supplies-retail,1181,cumulative_sales
441,2022-10-01,Cigarettes,665,cumulative_sales
442,2022-10-01,Other Tobacco,1332,cumulative_sales
443,2022-10-01,Beer,735,cumulative_sales
444,2022-10-01,Wine,947,cumulative_sales
445,2022-10-01,Packaged Beverages-nonalcoh,1320,cumulative_sales
446,2022-10-01,Candy,1106,cumulative_sales
447,2022-10-01,Fluid Milk Products,771,cumulative_sales
448,2022-10-01,Other Dairy Deli,1136,cumulative_sales
449,2022-10-01,Pkg Sand Other Products,1471,cumulative_sales
450,2022-10-01,Packaged Ice Cream Novelty,909,cumulative_sales
451,2022-10-01,Frozen Foods,918,cumulative_sales
452,2022-10-01,Packaged Bread Comm Bakery,982,cumulative_sales
453,2022-10-01,Salty Snacks,1520,cumulative_sales
454,2022-10-01,Packaged Sweet Snacks,1157,cumulative_sales
455,2022-10-01,Alternative Snacks,1314,cumulative_sales
456,2022-10-01,Fresh Foods - Perish Groc,608,cumulative_sales
457,2022-10-01,Edible Grocery,1463,cumulative_sales
458,2022-10-01,Non-edible Grocery,1230,cumulative_sales
459,2022-10-01,Health And Beauty Care,1024,cumulative_sales
460,2022-10-01,General Merchandise,1317,cumulative_sales
461,2022-10-01,Publications,667,cumulative_sales
462,2022-10-01,Automotive Products,669,cumulative_sales
463,2022-10-01,Store Services Fee Income,1128,cumulative_sales
464,2022-10-01,Store Services Fee Inc Tax,995,cumulative_sales
465,2022-10-01,Ice Bags,799,cumulative_sales
466,2022-10-01,Hot Dispensed Beverages,1006,cumulative_sales
467,2022-10-01,Cold Dispensed Beverages,1340,cumulative_sales
468,2022-10-01,Frozen Dispensed Beverages,1063,cumulative_sales
469,2022-10-01,Car Wash Sls,1139,cumulative_sales
470,2022-10-01,Car Wash Vending Sales,1340,cumulative_sales
471,2022-10-01,Chilled Bev Fee,1472,cumulative_sales
472,2022-10-01,Coupons,1353,cumulative_sales
473,2022-10-01,Cravins To Order,1399,cumulative_sales
474,2022-10-01,CTO Ing Shelf Stable,739,cumulative_sales
475,2022-10-01,Fe Gift Cards Radiant,928,cumulative_sales
476,2022-10-01,Floral,860,cumulative_sales
477,2022-10-01,Fresh Bakery,857,cumulative_sales
478,2022-10-01,Gen Merch Scan Data Sales,1400,cumulative_sales
479,2022-10-01,JW European Cafe,1251,cumulative_sales
480,2022-10-01,Lottery Instant Tickets,1019,cumulative_sales
481,2022-10-01,Lottery ITVM Instant Tickets,757,cumulative_sales
482,2022-10-01,Lottery Online Sales,1383,cumulative_sales
483,2022-10-01,Manual Fuel Radiant,1120,cumulative_sales
484,2022-10-01,Money Orders Radiant,1357,cumulative_sales
485,2022-10-01,Money Transfers,833,cumulative_sales
486,2022-10-01,No Scan Merch Radiant,1435,cumulative_sales
487,2022-10-01,Novelty,1244,cumulative_sales
488,2022-10-01,Phone Card Fee,909,cumulative_sales
489,2022-10-01,Supplies-retail,1195,cumulative_sales
490,2022-11-01,Cigarettes,1101,cumulative_sales
491,2022-11-01,Other Tobacco,1252,cumulative_sales
492,2022-11-01,Beer,1554,cumulative_sales
493,2022-11-01,Wine,1258,cumulative_sales
494,2022-11-01,Packaged Beverages-nonalcoh,1080,cumulative_sales
495,2022-11-01,Candy,919,cumulative_sales
496,2022-11-01,Fluid Milk Products,1002,cumulative_sales
497,2022-11-01,Other Dairy Deli,1281,cumulative_sales
498,2022-11-01,Pkg Sand Other Products,1227,cumulative_sales
499,2022-11-01,Packaged Ice Cream Novelty,838,cumulative_sales
500,2022-11-01,Frozen Foods,1417,cumulative_sales
501,2022-11-01,Packaged Bread Comm Bakery,945,cumulative_sales
502,2022-11-01,Salty Snacks,1091,cumulative_sales
503,2022-11-01,Packaged Sweet Snacks,1293,cumulative_sales
504,2022-11-01,Alternative Snacks,1083,cumulative_sales
505,2022-11-01,Fresh Foods - Perish Groc,1017,cumulative_sales
506,2022-11-01,Edible Grocery,953,cumulative_sales
507,2022-11-01,Non-edible Grocery,738,cumulative_sales
508,2022-11-01,Health And Beauty Care,980,cumulative_sales
509,2022-11-01,General Merchandise,1229,cumulative_sales
510,2022-11-01,Publications,1261,cumulative_sales
511,2022-11-01,Automotive Products,1123,cumulative_sales
512,2022-11-01,Store Services Fee Income,638,cumulative_sales
513,2022-11-01,Store Services Fee Inc Tax,1104,cumulative_sales
514,2022-11-01,Ice Bags,1189,cumulative_sales
515,2022-11-01,Hot Dispensed Beverages,1176,cumulative_sales
516,2022-11-01,Cold Dispensed Beverages,818,cumulative_sales
517,2022-11-01,Frozen Dispensed Beverages,998,cumulative_sales
518,2022-11-01,Car Wash Sls,474,cumulative_sales
519,2022-11-01,Car Wash Vending Sales,1322,cumulative_sales
520,2022-11-01,Chilled Bev Fee,1049,cumulative_sales
521,2022-11-01,Coupons,926,cumulative_sales
522,2022-11-01,Cravins To Order,709,cumulative_sales
523,2022-11-01,CTO Ing Shelf Stable,732,cumulative_sales
524,2022-11-01,Fe Gift Cards Radiant,1103,cumulative_sales
525,2022-11-01,Floral,1153,cumulative_sales
526,2022-11-01,Fresh Bakery,1397,cumulative_sales
527,2022-11-01,Gen Merch Scan Data Sales,1343,cumulative_sales
528,2022-11-01,JW European Cafe,610,cumulative_sales
529,2022-11-01,Lottery Instant Tickets,1598,cumulative_sales
530,2022-11-01,Lottery ITVM Instant Tickets,965,cumulative_sales
531,2022-11-01,Lottery Online Sales,688,cumulative_sales
532,2022-11-01,Manual Fuel Radiant,1021,cumulative_sales
533,2022-11-01,Money Orders Radiant,1024,cumulative_sales
534,2022-11-01,Money Transfers,1525,cumulative_sales
535,2022-11-01,No Scan Merch Radiant,1487,cumulative_sales
536,2022-11-01,Novelty,1171,cumulative_sales
537,2022-11-01,Phone Card Fee,1247,cumulative_sales
538,2022-11-01,Supplies-retail,1192,cumulative_sales
539,2022-12-01,Cigarettes,1232,cumulative_sales
540,2022-12-01,Other Tobacco,1363,cumulative_sales
541,2022-12-01,Beer,990,cumulative_sales
542,2022-12-01,Wine,1231,cumulative_sales
543,2022-12-01,Packaged Beverages-nonalcoh,1325,cumulative_sales
544,2022-12-01,Candy,1184,cumulative_sales
545,2022-12-01,Fluid Milk Products,962,cumulative_sales
546,2022-12-01,Other Dairy Deli,1262,cumulative_sales
547,2022-12-01,Pkg Sand Other Products,1096,cumulative_sales
548,2022-12-01,Packaged Ice Cream Novelty,1169,cumulative_sales
549,2022-12-01,Frozen Foods,1235,cumulative_sales
550,2022-12-01,Packaged Bread Comm Bakery,1495,cumulative_sales
551,2022-12-01,Salty Snacks,838,cumulative_sales
552,2022-12-01,Packaged Sweet Snacks,905,cumulative_sales
553,2022-12-01,Alternative Snacks,1355,cumulative_sales
554,2022-12-01,Fresh Foods - Perish Groc,1294,cumulative_sales
555,2022-12-01,Edible Grocery,1054,cumulative_sales
556,2022-12-01,Non-edible Grocery,1152,cumulative_sales
557,2022-12-01,Health And Beauty Care,1194,cumulative_sales
558,2022-12-01,General Merchandise,1561,cumulative_sales
559,2022-12-01,Publications,932,cumulative_sales
560,2022-12-01,Automotive Products,1318,cumulative_sales
561,2022-12-01,Store Services Fee Income,1284,cumulative_sales
562,2022-12-01,Store Services Fee Inc Tax,1045,cumulative_sales
563,2022-12-01,Ice Bags,1237,cumulative_sales
564,2022-12-01,Hot Dispensed Beverages,920,cumulative_sales
565,2022-12-01,Cold Dispensed Beverages,1429,cumulative_sales
566,2022-12-01,Frozen Dispensed Beverages,993,cumulative_sales
567,2022-12-01,Car Wash Sls,805,cumulative_sales
568,2022-12-01,Car Wash Vending Sales,1323,cumulative_sales
569,2022-12-01,Chilled Bev Fee,859,cumulative_sales
570,2022-12-01,Coupons,1140,cumulative_sales
571,2022-12-01,Cravins To Order,1093,cumulative_sales
572,2022-12-01,CTO Ing Shelf Stable,1285,cumulative_sales
573,2022-12-01,Fe Gift Cards Radiant,1080,cumulative_sales
574,2022-12-01,Floral,874,cumulative_sales
575,2022-12-01,Fresh Bakery,1273,cumulative_sales
576,2022-12-01,Gen Merch Scan Data Sales,853,cumulative_sales
577,2022-12-01,JW European Cafe,1146,cumulative_sales
578,2022-12-01,Lottery Instant Tickets,1341,cumulative_sales
579,2022-12-01,Lottery ITVM Instant Tickets,1339,cumulative_sales
580,2022-12-01,Lottery Online Sales,973,cumulative_sales
581,2022-12-01,Manual Fuel Radiant,581,cumulative_sales
582,2022-12-01,Money Orders Radiant,1048,cumulative_sales
583,2022-12-01,Money Transfers,1145,cumulative_sales
584,2022-12-01,No Scan Merch Radiant,870,cumulative_sales
585,2022-12-01,Novelty,1077,cumulative_sales
586,2022-12-01,Phone Card Fee,930,cumulative_sales
587,2022-12-01,Supplies-retail,1578,cumulative_sales
588,2023-01-01,Cigarettes,1239,cumulative_sales
589,2023-01-01,Other Tobacco,921,cumulative_sales
590,2023-01-01,Beer,1101,cumulative_sales
591,2023-01-01,Wine,889,cumulative_sales
592,2023-01-01,Packaged Beverages-nonalcoh,814,cumulative_sales
593,2023-01-01,Candy,915,cumulative_sales
594,2023-01-01,Fluid Milk Products,1357,cumulative_sales
595,2023-01-01,Other Dairy Deli,1215,cumulative_sales
596,2023-01-01,Pkg Sand Other Products,1382,cumulative_sales
597,2023-01-01,Packaged Ice Cream Novelty,837,cumulative_sales
598,2023-01-01,Frozen Foods,1225,cumulative_sales
599,2023-01-01,Packaged Bread Comm Bakery,1177,cumulative_sales
600,2023-01-01,Salty Snacks,991,cumulative_sales
601,2023-01-01,Packaged Sweet Snacks,991,cumulative_sales
602,2023-01-01,Alternative Snacks,1820,cumulative_sales
603,2023-01-01,Fresh Foods - Perish Groc,1363,cumulative_sales
604,2023-01-01,Edible Grocery,1186,cumulative_sales
605,2023-01-01,Non-edible Grocery,929,cumulative_sales
606,2023-01-01,Health And Beauty Care,1163,cumulative_sales
607,2023-01-01,General Merchandise,1043,cumulative_sales
608,2023-01-01,Publications,1142,cumulative_sales
609,2023-01-01,Automotive Products,1323,cumulative_sales
610,2023-01-01,Store Services Fee Income,1000,cumulative_sales
611,2023-01-01,Store Services Fee Inc Tax,857,cumulative_sales
612,2023-01-01,Ice Bags,1393,cumulative_sales
613,2023-01-01,Hot Dispensed Beverages,1169,cumulative_sales
614,2023-01-01,Cold Dispensed Beverages,1158,cumulative_sales
615,2023-01-01,Frozen Dispensed Beverages,1168,cumulative_sales
616,2023-01-01,Car Wash Sls,1220,cumulative_sales
617,2023-01-01,Car Wash Vending Sales,1418,cumulative_sales
618,2023-01-01,Chilled Bev Fee,1147,cumulative_sales
619,2023-01-01,Coupons,1119,cumulative_sales
620,2023-01-01,Cravins To Order,1356,cumulative_sales
621,2023-01-01,CTO Ing Shelf Stable,1429,cumulative_sales
622,2023-01-01,Fe Gift Cards Radiant,988,cumulative_sales
623,2023-01-01,Floral,1289,cumulative_sales
624,2023-01-01,Fresh Bakery,1414,cumulative_sales
625,2023-01-01,Gen Merch Scan Data Sales,1255,cumulative_sales
626,2023-01-01,JW European Cafe,876,cumulative_sales
627,2023-01-01,Lottery Instant Tickets,956,cumulative_sales
628,2023-01-01,Lottery ITVM Instant Tickets,917,cumulative_sales
629,2023-01-01,Lottery Online Sales,1512,cumulative_sales
630,2023-01-01,Manual Fuel Radiant,1443,cumulative_sales
631,2023-01-01,Money Orders Radiant,1385,cumulative_sales
632,2023-01-01,Money Transfers,1077,cumulative_sales
633,2023-01-01,No Scan Merch Radiant,735,cumulative_sales
634,2023-01-01,Novelty,1486,cumulative_sales
635,2023-01-01,Phone Card Fee,1132,cumulative_sales
636,2023-01-01,Supplies-retail,1216,cumulative_sales
637,2023-02-01,Cigarettes,1058,cumulative_sales
638,2023-02-01,Other Tobacco,1234,cumulative_sales
639,2023-02-01,Beer,1487,cumulative_sales
640,2023-02-01,Wine,1269,cumulative_sales
641,2023-02-01,Packaged Beverages-nonalcoh,1660,cumulative_sales
642,2023-02-01,Candy,1599,cumulative_sales
643,2023-02-01,Fluid Milk Products,1005,cumulative_sales
644,2023-02-01,Other Dairy Deli,825,cumulative_sales
645,2023-02-01,Pkg Sand Other Products,828,cumulative_sales
646,2023-02-01,Packaged Ice Cream Novelty,827,cumulative_sales
647,2023-02-01,Frozen Foods,1180,cumulative_sales
648,2023-02-01,Packaged Bread Comm Bakery,959,cumulative_sales
649,2023-02-01,Salty Snacks,1277,cumulative_sales
650,2023-02-01,Packaged Sweet Snacks,1382,cumulative_sales
651,2023-02-01,Alternative Snacks,1010,cumulative_sales
652,2023-02-01,Fresh Foods - Perish Groc,1655,cumulative_sales
653,2023-02-01,Edible Grocery,1122,cumulative_sales
654,2023-02-01,Non-edible Grocery,1596,cumulative_sales
655,2023-02-01,Health And Beauty Care,1134,cumulative_sales
656,2023-02-01,General Merchandise,743,cumulative_sales
657,2023-02-01,Publications,1019,cumulative_sales
658,2023-02-01,Automotive Products,1057,cumulative_sales
659,2023-02-01,Store Services Fee Income,1552,cumulative_sales
660,2023-02-01,Store Services Fee Inc Tax,1100,cumulative_sales
661,2023-02-01,Ice Bags,899,cumulative_sales
662,2023-02-01,Hot Dispensed Beverages,854,cumulative_sales
663,2023-02-01,Cold Dispensed Beverages,515,cumulative_sales
664,2023-02-01,Frozen Dispensed Beverages,851,cumulative_sales
665,2023-02-01,Car Wash Sls,1063,cumulative_sales
666,2023-02-01,Car Wash Vending Sales,1214,cumulative_sales
667,2023-02-01,Chilled Bev Fee,434,cumulative_sales
668,2023-02-01,Coupons,1256,cumulative_sales
669,2023-02-01,Cravins To Order,1155,cumulative_sales
670,2023-02-01,CTO Ing Shelf Stable,1071,cumulative_sales
671,2023-02-01,Fe Gift Cards Radiant,1092,cumulative_sales
672,2023-02-01,Floral,1543,cumulative_sales
673,2023-02-01,Fresh Bakery,1358,cumulative_sales
674,2023-02-01,Gen Merch Scan Data Sales,1436,cumulative_sales
675,2023-02-01,JW European Cafe,1509,cumulative_sales
676,2023-02-01,Lottery Instant Tickets,721,cumulative_sales
677,2023-02-01,Lottery ITVM Instant Tickets,1412,cumulative_sales
678,2023-02-01,Lottery Online Sales,1244,cumulative_sales
679,2023-02-01,Manual Fuel Radiant,1182,cumulative_sales
680,2023-02-01,Money Orders Radiant,1372,cumulative_sales
681,2023-02-01,Money Transfers,968,cumulative_sales
682,2023-02-01,No Scan Merch Radiant,1116,cumulative_sales
683,2023-02-01,Novelty,838,cumulative_sales
684,2023-02-01,Phone Card Fee,950,cumulative_sales
685,2023-02-01,Supplies-retail,1254,cumulative_sales
686,2023-03-01,Cigarettes,1039,cumulative_sales
687,2023-03-01,Other Tobacco,1046,cumulative_sales
688,2023-03-01,Beer,1393,cumulative_sales
689,2023-03-01,Wine,1422,cumulative_sales
690,2023-03-01,Packaged Beverages-nonalcoh,854,cumulative_sales
691,2023-03-01,Candy,902,cumulative_sales
692,2023-03-01,Fluid Milk Products,1149,cumulative_sales
693,2023-03-01,Other Dairy Deli,1075,cumulative_sales
694,2023-03-01,Pkg Sand Other Products,873,cumulative_sales
695,2023-03-01,Packaged Ice Cream Novelty,1365,cumulative_sales
696,2023-03-01,Frozen Foods,995,cumulative_sales
697,2023-03-01,Packaged Bread Comm Bakery,1374,cumulative_sales
698,2023-03-01,Salty Snacks,1366,cumulative_sales
699,2023-03-01,Packaged Sweet Snacks,1421,cumulative_sales
700,2023-03-01,Alternative Snacks,1126,cumulative_sales
701,2023-03-01,Fresh Foods - Perish Groc,510,cumulative_sales
702,2023-03-01,Edible Grocery,1226,cumulative_sales
703,2023-03-01,Non-edible Grocery,1223,cumulative_sales
704,2023-03-01,Health And Beauty Care,644,cumulative_sales
705,2023-03-01,General Merchandise,415,cumulative_sales
706,2023-03-01,Publications,1520,cumulative_sales
707,2023-03-01,Automotive Products,1113,cumulative_sales
708,2023-03-01,Store Services Fee Income,937,cumulative_sales
709,2023-03-01,Store Services Fee Inc Tax,1390,cumulative_sales
710,2023-03-01,Ice Bags,1297,cumulative_sales
711,2023-03-01,Hot Dispensed Beverages,1448,cumulative_sales
712,2023-03-01,Cold Dispensed Beverages,595,cumulative_sales
713,2023-03-01,Frozen Dispensed Beverages,1194,cumulative_sales
714,2023-03-01,Car Wash Sls,1611,cumulative_sales
715,2023-03-01,Car Wash Vending Sales,847,cumulative_sales
716,2023-03-01,Chilled Bev Fee,1060,cumulative_sales
717,2023-03-01,Coupons,1012,cumulative_sales
718,2023-03-01,Cravins To Order,547,cumulative_sales
719,2023-03-01,CTO Ing Shelf Stable,1113,cumulative_sales
720,2023-03-01,Fe Gift Cards Radiant,1081,cumulative_sales
721,2023-03-01,Floral,1601,cumulative_sales
722,2023-03-01,Fresh Bakery,627,cumulative_sales
723,2023-03-01,Gen Merch Scan Data Sales,903,cumulative_sales
724,2023-03-01,JW European Cafe,1428,cumulative_sales
725,2023-03-01,Lottery Instant Tickets,1226,cumulative_sales
726,2023-03-01,Lottery ITVM Instant Tickets,1251,cumulative_sales
727,2023-03-01,Lottery Online Sales,1061,cumulative_sales
728,2023-03-01,Manual Fuel Radiant,940,cumulative_sales
729,2023-03-01,Money Orders Radiant,1049,cumulative_sales
730,2023-03-01,Money Transfers,1114,cumulative_sales
731,2023-03-01,No Scan Merch Radiant,1081,cumulative_sales
732,2023-03-01,Novelty,853,cumulative_sales
733,2023-03-01,Phone Card Fee,1570,cumulative_sales
734,2023-03-01,Supplies-retail,1338,cumulative_sales
735,2023-04-01,Cigarettes,1113,cumulative_sales
736,2023-04-01,Other Tobacco,804,cumulative_sales
737,2023-04-01,Beer,670,cumulative_sales
738,2023-04-01,Wine,1241,cumulative_sales
739,2023-04-01,Packaged Beverages-nonalcoh,1004,cumulative_sales
740,2023-04-01,Candy,1219,cumulative_sales
741,2023-04-01,Fluid Milk Products,1432,cumulative_sales
742,2023-04-01,Other Dairy Deli,874,cumulative_sales
743,2023-04-01,Pkg Sand Other Products,756,cumulative_sales
744,2023-04-01,Packaged Ice Cream Novelty,1348,cumulative_sales
745,2023-04-01,Frozen Foods,818,cumulative_sales
746,2023-04-01,Packaged Bread Comm Bakery,968,cumulative_sales
747,2023-04-01,Salty Snacks,1442,cumulative_sales
748,2023-04-01,Packaged Sweet Snacks,689,cumulative_sales
749,2023-04-01,Alternative Snacks,1164,cumulative_sales
750,2023-04-01,Fresh Foods - Perish Groc,941,cumulative_sales
751,2023-04-01,Edible Grocery,1025,cumulative_sales
752,2023-04-01,Non-edible Grocery,1278,cumulative_sales
753,2023-04-01,Health And Beauty Care,458,cumulative_sales
754,2023-04-01,General Merchandise,1236,cumulative_sales
755,2023-04-01,Publications,514,cumulative_sales
756,2023-04-01,Automotive Products,1078,cumulative_sales
757,2023-04-01,Store Services Fee Income,1257,cumulative_sales
758,2023-04-01,Store Services Fee Inc Tax,1078,cumulative_sales
759,2023-04-01,Ice Bags,1503,cumulative_sales
760,2023-04-01,Hot Dispensed Beverages,1101,cumulative_sales
761,2023-04-01,Cold Dispensed Beverages,603,cumulative_sales
762,2023-04-01,Frozen Dispensed Beverages,993,cumulative_sales
763,2023-04-01,Car Wash Sls,1003,cumulative_sales
764,2023-04-01,Car Wash Vending Sales,1395,cumulative_sales
765,2023-04-01,Chilled Bev Fee,1010,cumulative_sales
766,2023-04-01,Coupons,1377,cumulative_sales
767,2023-04-01,Cravins To Order,1122,cumulative_sales
768,2023-04-01,CTO Ing Shelf Stable,1070,cumulative_sales
769,2023-04-01,Fe Gift Cards Radiant,970,cumulative_sales
770,2023-04-01,Floral,944,cumulative_sales
771,2023-04-01,Fresh Bakery,1271,cumulative_sales
772,2023-04-01,Gen Merch Scan Data Sales,693,cumulative_sales
773,2023-04-01,JW European Cafe,1128,cumulative_sales
774,2023-04-01,Lottery Instant Tickets,971,cumulative_sales
775,2023-04-01,Lottery ITVM Instant Tickets,1166,cumulative_sales
776,2023-04-01,Lottery Online Sales,734,cumulative_sales
777,2023-04-01,Manual Fuel Radiant,1215,cumulative_sales
778,2023-04-01,Money Orders Radiant,1434,cumulative_sales
779,2023-04-01,Money Transfers,1206,cumulative_sales
780,2023-04-01,No Scan Merch Radiant,974,cumulative_sales
781,2023-04-01,Novelty,1197,cumulative_sales
782,2023-04-01,Phone Card Fee,1384,cumulative_sales
783,2023-04-01,Supplies-retail,1409,cumulative_sales
784,2023-05-01,Cigarettes,1580,cumulative_sales
785,2023-05-01,Other Tobacco,1278,cumulative_sales
786,2023-05-01,Beer,1106,cumulative_sales
787,2023-05-01,Wine,1620,cumulative_sales
788,2023-05-01,Packaged Beverages-nonalcoh,1063,cumulative_sales
789,2023-05-01,Candy,920,cumulative_sales
790,2023-05-01,Fluid Milk Products,1103,cumulative_sales
791,2023-05-01,Other Dairy Deli,547,cumulative_sales
792,2023-05-01,Pkg Sand Other Products,1084,cumulative_sales
793,2023-05-01,Packaged Ice Cream Novelty,1076,cumulative_sales
794,2023-05-01,Frozen Foods,829,cumulative_sales
795,2023-05-01,Packaged Bread Comm Bakery,1013,cumulative_sales
796,2023-05-01,Salty Snacks,941,cumulative_sales
797,2023-05-01,Packaged Sweet Snacks,875,cumulative_sales
798,2023-05-01,Alternative Snacks,1046,cumulative_sales
799,2023-05-01,Fresh Foods - Perish Groc,990,cumulative_sales
800,2023-05-01,Edible Grocery,1223,cumulative_sales
801,2023-05-01,Non-edible Grocery,1218,cumulative_sales
802,2023-05-01,Health And Beauty Care,1485,cumulative_sales
803,2023-05-01,General Merchandise,975,cumulative_sales
804,2023-05-01,Publications,1522,cumulative_sales
805,2023-05-01,Automotive Products,950,cumulative_sales
806,2023-05-01,Store Services Fee Income,1376,cumulative_sales
807,2023-05-01,Store Services Fee Inc Tax,1293,cumulative_sales
808,2023-05-01,Ice Bags,1409,cumulative_sales
809,2023-05-01,Hot Dispensed Beverages,1367,cumulative_sales
810,2023-05-01,Cold Dispensed Beverages,1513,cumulative_sales
811,2023-05-01,Frozen Dispensed Beverages,823,cumulative_sales
812,2023-05-01,Car Wash Sls,956,cumulative_sales
813,2023-05-01,Car Wash Vending Sales,797,cumulative_sales
814,2023-05-01,Chilled Bev Fee,1082,cumulative_sales
815,2023-05-01,Coupons,1184,cumulative_sales
816,2023-05-01,Cravins To Order,1496,cumulative_sales
817,2023-05-01,CTO Ing Shelf Stable,1102,cumulative_sales
818,2023-05-01,Fe Gift Cards Radiant,1034,cumulative_sales
819,2023-05-01,Floral,1445,cumulative_sales
820,2023-05-01,Fresh Bakery,1636,cumulative_sales
821,2023-05-01,Gen Merch Scan Data Sales,888,cumulative_sales
822,2023-05-01,JW European Cafe,1040,cumulative_sales
823,2023-05-01,Lottery Instant Tickets,1455,cumulative_sales
824,2023-05-01,Lottery ITVM Instant Tickets,1039,cumulative_sales
825,2023-05-01,Lottery Online Sales,1095,cumulative_sales
826,2023-05-01,Manual Fuel Radiant,572,cumulative_sales
827,2023-05-01,Money Orders Radiant,875,cumulative_sales
828,2023-05-01,Money Transfers,1232,cumulative_sales
829,2023-05-01,No Scan Merch Radiant,1094,cumulative_sales
830,2023-05-01,Novelty,1291,cumulative_sales
831,2023-05-01,Phone Card Fee,1784,cumulative_sales
832,2023-05-01,Supplies-retail,757,cumulative_sales
833,2023-06-01,Cigarettes,1177,cumulative_sales
834,2023-06-01,Other Tobacco,708,cumulative_sales
835,2023-06-01,Beer,663,cumulative_sales
836,2023-06-01,Wine,1435,cumulative_sales
837,2023-06-01,Packaged Beverages-nonalcoh,885,cumulative_sales
838,2023-06-01,Candy,561,cumulative_sales
839,2023-06-01,Fluid Milk Products,998,cumulative_sales
840,2023-06-01,Other Dairy Deli,1030,cumulative_sales
841,2023-06-01,Pkg Sand Other Products,1724,cumulative_sales
842,2023-06-01,Packaged Ice Cream Novelty,1085,cumulative_sales
843,2023-06-01,Frozen Foods,1310,cumulative_sales
844,2023-06-01,Packaged Bread Comm Bakery,1232,cumulative_sales
845,2023-06-01,Salty Snacks,1065,cumulative_sales
846,2023-06-01,Packaged Sweet Snacks,1178,cumulative_sales
847,2023-06-01,Alternative Snacks,1283,cumulative_sales
848,2023-06-01,Fresh Foods - Perish Groc,891,cumulative_sales
849,2023-06-01,Edible Grocery,1137,cumulative_sales
850,2023-06-01,Non-edible Grocery,1004,cumulative_sales
851,2023-06-01,Health And Beauty Care,842,cumulative_sales
852,2023-06-01,General Merchandise,939,cumulative_sales
853,2023-06-01,Publications,1452,cumulative_sales
854,2023-06-01,Automotive Products,1317,cumulative_sales
855,2023-06-01,Store Services Fee Income,1213,cumulative_sales
856,2023-06-01,Store Services Fee Inc Tax,837,cumulative_sales
857,2023-06-01,Ice Bags,1156,cumulative_sales
858,2023-06-01,Hot Dispensed Beverages,1087,cumulative_sales
859,2023-06-01,Cold Dispensed Beverages,1239,cumulative_sales
860,2023-06-01,Frozen Dispensed Beverages,595,cumulative_sales
861,2023-06-01,Car Wash Sls,1342,cumulative_sales
862,2023-06-01,Car Wash Vending Sales,1270,cumulative_sales
863,2023-06-01,Chilled Bev Fee,1077,cumulative_sales
864,2023-06-01,Coupons,1100,cumulative_sales
865,2023-06-01,Cravins To Order,964,cumulative_sales
866,2023-06-01,CTO Ing Shelf Stable,1148,cumulative_sales
867,2023-06-01,Fe Gift Cards Radiant,769,cumulative_sales
868,2023-06-01,Floral,1011,cumulative_sales
869,2023-06-01,Fresh Bakery,924,cumulative_sales
870,2023-06-01,Gen Merch Scan Data Sales,738,cumulative_sales
871,2023-06-01,JW European Cafe,1064,cumulative_sales
872,2023-06-01,Lottery Instant Tickets,1159,cumulative_sales
873,2023-06-01,Lottery ITVM Instant Tickets,1080,cumulative_sales
874,2023-06-01,Lottery Online Sales,1303,cumulative_sales
875,2023-06-01,Manual Fuel Radiant,787,cumulative_sales
876,2023-06-01,Money Orders Radiant,1605,cumulative_sales
877,2023-06-01,Money Transfers,1440,cumulative_sales
878,2023-06-01,No Scan Merch Radiant,859,cumulative_sales
879,2023-06-01,Novelty,1662,cumulative_sales
880,2023-06-01,Phone Card Fee,912,cumulative_sales
881,2023-06-01,Supplies-retail,1482,cumulative_sales
882,2023-07-01,Cigarettes,997,cumulative_sales
883,2023-07-01,Other Tobacco,1275,cumulative_sales
884,2023-07-01,Beer,1144,cumulative_sales
885,2023-07-01,Wine,772,cumulative_sales
886,2023-07-01,Packaged Beverages-nonalcoh,1160,cumulative_sales
887,2023-07-01,Candy,1247,cumulative_sales
888,2023-07-01,Fluid Milk Products,1647,cumulative_sales
889,2023-07-01,Other Dairy Deli,1142,cumulative_sales
890,2023-07-01,Pkg Sand Other Products,1408,cumulative_sales
891,2023-07-01,Packaged Ice Cream Novelty,890,cumulative_sales
892,2023-07-01,Frozen Foods,847,cumulative_sales
893,2023-07-01,Packaged Bread Comm Bakery,905,cumulative_sales
894,2023-07-01,Salty Snacks,940,cumulative_sales
895,2023-07-01,Packaged Sweet Snacks,836,cumulative_sales
896,2023-07-01,Alternative Snacks,952,cumulative_sales
897,2023-07-01,Fresh Foods - Perish Groc,897,cumulative_sales
898,2023-07-01,Edible Grocery,1050,cumulative_sales
899,2023-07-01,Non-edible Grocery,885,cumulative_sales
900,2023-07-01,Health And Beauty Care,982,cumulative_sales
901,2023-07-01,General Merchandise,1093,cumulative_sales
902,2023-07-01,Publications,1054,cumulative_sales
903,2023-07-01,Automotive Products,780,cumulative_sales
904,2023-07-01,Store Services Fee Income,1287,cumulative_sales
905,2023-07-01,Store Services Fee Inc Tax,1091,cumulative_sales
906,2023-07-01,Ice Bags,902,cumulative_sales
907,2023-07-01,Hot Dispensed Beverages,1225,cumulative_sales
908,2023-07-01,Cold Dispensed Beverages,1433,cumulative_sales
909,2023-07-01,Frozen Dispensed Beverages,1222,cumulative_sales
910,2023-07-01,Car Wash Sls,896,cumulative_sales
911,2023-07-01,Car Wash Vending Sales,626,cumulative_sales
912,2023-07-01,Chilled Bev Fee,882,cumulative_sales
913,2023-07-01,Coupons,707,cumulative_sales
914,2023-07-01,Cravins To Order,926,cumulative_sales
915,2023-07-01,CTO Ing Shelf Stable,800,cumulative_sales
916,2023-07-01,Fe Gift Cards Radiant,1351,cumulative_sales
917,2023-07-01,Floral,1237,cumulative_sales
918,2023-07-01,Fresh Bakery,1143,cumulative_sales
919,2023-07-01,Gen Merch Scan Data Sales,886,cumulative_sales
920,2023-07-01,JW European Cafe,990,cumulative_sales
921,2023-07-01,Lottery Instant Tickets,1409,cumulative_sales
922,2023-07-01,Lottery ITVM Instant Tickets,1044,cumulative_sales
923,2023-07-01,Lottery Online Sales,1165,cumulative_sales
924,2023-07-01,Manual Fuel Radiant,1247,cumulative_sales
925,2023-07-01,Money Orders Radiant,782,cumulative_sales
926,2023-07-01,Money Transfers,1331,cumulative_sales
927,2023-07-01,No Scan Merch Radiant,1072,cumulative_sales
928,2023-07-01,Novelty,1517,cumulative_sales
929,2023-07-01,Phone Card Fee,1255,cumulative_sales
930,2023-07-01,Supplies-retail,1235,cumulative_sales
931,2023-08-01,Cigarettes,844,cumulative_sales
932,2023-08-01,Other Tobacco,579,cumulative_sales
933,2023-08-01,Beer,581,cumulative_sales
934,2023-08-01,Wine,911,cumulative_sales
935,2023-08-01,Packaged Beverages-nonalcoh,1385,cumulative_sales
936,2023-08-01,Candy,513,cumulative_sales
937,2023-08-01,Fluid Milk Products,693,cumulative_sales
938,2023-08-01,Other Dairy Deli,1125,cumulative_sales
939,2023-08-01,Pkg Sand Other Products,1159,cumulative_sales
940,2023-08-01,Packaged Ice Cream Novelty,896,cumulative_sales
941,2023-08-01,Frozen Foods,1269,cumulative_sales
942,2023-08-01,Packaged Bread Comm Bakery,1436,cumulative_sales
943,2023-08-01,Salty Snacks,1077,cumulative_sales
944,2023-08-01,Packaged Sweet Snacks,1156,cumulative_sales
945,2023-08-01,Alternative Snacks,1082,cumulative_sales
946,2023-08-01,Fresh Foods - Perish Groc,1425,cumulative_sales
947,2023-08-01,Edible Grocery,836,cumulative_sales
948,2023-08-01,Non-edible Grocery,1266,cumulative_sales
949,2023-08-01,Health And Beauty Care,865,cumulative_sales
950,2023-08-01,General Merchandise,1385,cumulative_sales
951,2023-08-01,Publications,1289,cumulative_sales
952,2023-08-01,Automotive Products,1162,cumulative_sales
953,2023-08-01,Store Services Fee Income,1006,cumulative_sales
954,2023-08-01,Store Services Fee Inc Tax,891,cumulative_sales
955,2023-08-01,Ice Bags,1050,cumulative_sales
956,2023-08-01,Hot Dispensed Beverages,1066,cumulative_sales
957,2023-08-01,Cold Dispensed Beverages,1179,cumulative_sales
958,2023-08-01,Frozen Dispensed Beverages,1153,cumulative_sales
959,2023-08-01,Car Wash Sls,1107,cumulative_sales
960,2023-08-01,Car Wash Vending Sales,1101,cumulative_sales
961,2023-08-01,Chilled Bev Fee,864,cumulative_sales
962,2023-08-01,Coupons,1047,cumulative_sales
963,2023-08-01,Cravins To Order,1242,cumulative_sales
964,2023-08-01,CTO Ing Shelf Stable,1095,cumulative_sales
965,2023-08-01,Fe Gift Cards Radiant,1030,cumulative_sales
966,2023-08-01,Floral,1064,cumulative_sales
967,2023-08-01,Fresh Bakery,1264,cumulative_sales
968,2023-08-01,Gen Merch Scan Data Sales,1610,cumulative_sales
969,2023-08-01,JW European Cafe,789,cumulative_sales
970,2023-08-01,Lottery Instant Tickets,1342,cumulative_sales
971,2023-08-01,Lottery ITVM Instant Tickets,799,cumulative_sales
972,2023-08-01,Lottery Online Sales,776,cumulative_sales
973,2023-08-01,Manual Fuel Radiant,1313,cumulative_sales
974,2023-08-01,Money Orders Radiant,902,cumulative_sales
975,2023-08-01,Money Transfers,826,cumulative_sales
976,2023-08-01,No Scan Merch Radiant,1366,cumulative_sales
977,2023-08-01,Novelty,1532,cumulative_sales
978,2023-08-01,Phone Card Fee,530,cumulative_sales
979,2023-08-01,Supplies-retail,815,cumulative_sales
980,2023-09-01,Cigarettes,1519,cumulative_sales
981,2023-09-01,Other Tobacco,921,cumulative_sales
982,2023-09-01,Beer,904,cumulative_sales
983,2023-09-01,Wine,625,cumulative_sales
984,2023-09-01,Packaged Beverages-nonalcoh,1505,cumulative_sales
985,2023-09-01,Candy,1141,cumulative_sales
986,2023-09-01,Fluid Milk Products,1116,cumulative_sales
987,2023-09-01,Other Dairy Deli,1204,cumulative_sales
988,2023-09-01,Pkg Sand Other Products,1069,cumulative_sales
989,2023-09-01,Packaged Ice Cream Novelty,1291,cumulative_sales
990,2023-09-01,Frozen Foods,620,cumulative_sales
991,2023-09-01,Packaged Bread Comm Bakery,945,cumulative_sales
992,2023-09-01,Salty Snacks,633,cumulative_sales
993,2023-09-01,Packaged Sweet Snacks,1581,cumulative_sales
994,2023-09-01,Alternative Snacks,940,cumulative_sales
995,2023-09-01,Fresh Foods - Perish Groc,1280,cumulative_sales
996,2023-09-01,Edible Grocery,842,cumulative_sales
997,2023-09-01,Non-edible Grocery,1310,cumulative_sales
998,2023-09-01,Health And Beauty Care,1367,cumulative_sales
999,2023-09-01,General Merchandise,1222,cumulative_sales
1000,2023-09-01,Publications,1152,cumulative_sales
1001,2023-09-01,Automotive Products,1254,cumulative_sales
1002,2023-09-01,Store Services Fee Income,882,cumulative_sales
1003,2023-09-01,Store Services Fee Inc Tax,1043,cumulative_sales
1004,2023-09-01,Ice Bags,707,cumulative_sales
1005,2023-09-01,Hot Dispensed Beverages,1001,cumulative_sales
1006,2023-09-01,Cold Dispensed Beverages,794,cumulative_sales
1007,2023-09-01,Frozen Dispensed Beverages,939,cumulative_sales
1008,2023-09-01,Car Wash Sls,1048,cumulative_sales
1009,2023-09-01,Car Wash Vending Sales,816,cumulative_sales
1010,2023-09-01,Chilled Bev Fee,780,cumulative_sales
1011,2023-09-01,Coupons,1330,cumulative_sales
1012,2023-09-01,Cravins To Order,610,cumulative_sales
1013,2023-09-01,CTO Ing Shelf Stable,1308,cumulative_sales
1014,2023-09-01,Fe Gift Cards Radiant,1203,cumulative_sales
1015,2023-09-01,Floral,1438,cumulative_sales
1016,2023-09-01,Fresh Bakery,1170,cumulative_sales
1017,2023-09-01,Gen Merch Scan Data Sales,1013,cumulative_sales
1018,2023-09-01,JW European Cafe,1307,cumulative_sales
1019,2023-09-01,Lottery Instant Tickets,1104,cumulative_sales
1020,2023-09-01,Lottery ITVM Instant Tickets,779,cumulative_sales
1021,2023-09-01,Lottery Online Sales,987,cumulative_sales
1022,2023-09-01,Manual Fuel Radiant,1066,cumulative_sales
1023,2023-09-01,Money Orders Radiant,1291,cumulative_sales
1024,2023-09-01,Money Transfers,959,cumulative_sales
1025,2023-09-01,No Scan Merch Radiant,649,cumulative_sales
1026,2023-09-01,Novelty,482,cumulative_sales
1027,2023-09-01,Phone Card Fee,845,cumulative_sales
1028,2023-09-01,Supplies-retail,1019,cumulative_sales
1029,2023-10-01,Cigarettes,1362,cumulative_sales
1030,2023-10-01,Other Tobacco,1246,cumulative_sales
1031,2023-10-01,Beer,777,cumulative_sales
1032,2023-10-01,Wine,585,cumulative_sales
1033,2023-10-01,Packaged Beverages-nonalcoh,497,cumulative_sales
1034,2023-10-01,Candy,891,cumulative_sales
1035,2023-10-01,Fluid Milk Products,1379,cumulative_sales
1036,2023-10-01,Other Dairy Deli,1392,cumulative_sales
1037,2023-10-01,Pkg Sand Other Products,1439,cumulative_sales
1038,2023-10-01,Packaged Ice Cream Novelty,1334,cumulative_sales
1039,2023-10-01,Frozen Foods,679,cumulative_sales
1040,2023-10-01,Packaged Bread Comm Bakery,1001,cumulative_sales
1041,2023-10-01,Salty Snacks,830,cumulative_sales
1042,2023-10-01,Packaged Sweet Snacks,1555,cumulative_sales
1043,2023-10-01,Alternative Snacks,654,cumulative_sales
1044,2023-10-01,Fresh Foods - Perish Groc,1305,cumulative_sales
1045,2023-10-01,Edible Grocery,1009,cumulative_sales
1046,2023-10-01,Non-edible Grocery,924,cumulative_sales
1047,2023-10-01,Health And Beauty Care,937,cumulative_sales
1048,2023-10-01,General Merchandise,1095,cumulative_sales
1049,2023-10-01,Publications,860,cumulative_sales
1050,2023-10-01,Automotive Products,1356,cumulative_sales
1051,2023-10-01,Store Services Fee Income,753,cumulative_sales
1052,2023-10-01,Store Services Fee Inc Tax,744,cumulative_sales
1053,2023-10-01,Ice Bags,1049,cumulative_sales
1054,2023-10-01,Hot Dispensed Beverages,1283,cumulative_sales
1055,2023-10-01,Cold Dispensed Beverages,820,cumulative_sales
1056,2023-10-01,Frozen Dispensed Beverages,1245,cumulative_sales
1057,2023-10-01,Car Wash Sls,1163,cumulative_sales
1058,2023-10-01,Car Wash Vending Sales,595,cumulative_sales
1059,2023-10-01,Chilled Bev Fee,750,cumulative_sales
1060,2023-10-01,Coupons,821,cumulative_sales
1061,2023-10-01,Cravins To Order,1523,cumulative_sales
1062,2023-10-01,CTO Ing Shelf Stable,604,cumulative_sales
1063,2023-10-01,Fe Gift Cards Radiant,717,cumulative_sales
1064,2023-10-01,Floral,800,cumulative_sales
1065,2023-10-01,Fresh Bakery,984,cumulative_sales
1066,2023-10-01,Gen Merch Scan Data Sales,1415,cumulative_sales
1067,2023-10-01,JW European Cafe,974,cumulative_sales
1068,2023-10-01,Lottery Instant Tickets,1210,cumulative_sales
1069,2023-10-01,Lottery ITVM Instant Tickets,1071,cumulative_sales
1070,2023-10-01,Lottery Online Sales,1056,cumulative_sales
1071,2023-10-01,Manual Fuel Radiant,1624,cumulative_sales
1072,2023-10-01,Money Orders Radiant,1335,cumulative_sales
1073,2023-10-01,Money Transfers,1568,cumulative_sales
1074,2023-10-01,No Scan Merch Radiant,1007,cumulative_sales
1075,2023-10-01,Novelty,1565,cumulative_sales
1076,2023-10-01,Phone Card Fee,918,cumulative_sales
1077,2023-10-01,Supplies-retail,945,cumulative_sales
1078,2023-11-01,Cigarettes,811,cumulative_sales
1079,2023-11-01,Other Tobacco,1302,cumulative_sales
1080,2023-11-01,Beer,1183,cumulative_sales
1081,2023-11-01,Wine,1613,cumulative_sales
1082,2023-11-01,Packaged Beverages-nonalcoh,1042,cumulative_sales
1083,2023-11-01,Candy,1118,cumulative_sales
1084,2023-11-01,Fluid Milk Products,1187,cumulative_sales
1085,2023-11-01,Other Dairy Deli,1057,cumulative_sales
1086,2023-11-01,Pkg Sand Other Products,999,cumulative_sales
1087,2023-11-01,Packaged Ice Cream Novelty,787,cumulative_sales
1088,2023-11-01,Frozen Foods,1298,cumulative_sales
1089,2023-11-01,Packaged Bread Comm Bakery,1797,cumulative_sales
1090,2023-11-01,Salty Snacks,1197,cumulative_sales
1091,2023-11-01,Packaged Sweet Snacks,1321,cumulative_sales
1092,2023-11-01,Alternative Snacks,1358,cumulative_sales
1093,2023-11-01,Fresh Foods - Perish Groc,879,cumulative_sales
1094,2023-11-01,Edible Grocery,1098,cumulative_sales
1095,2023-11-01,Non-edible Grocery,717,cumulative_sales
1096,2023-11-01,Health And Beauty Care,1242,cumulative_sales
1097,2023-11-01,General Merchandise,1063,cumulative_sales
1098,2023-11-01,Publications,971,cumulative_sales
1099,2023-11-01,Automotive Products,1215,cumulative_sales
1100,2023-11-01,Store Services Fee Income,821,cumulative_sales
1101,2023-11-01,Store Services Fee Inc Tax,1477,cumulative_sales
1102,2023-11-01,Ice Bags,821,cumulative_sales
1103,2023-11-01,Hot Dispensed Beverages,922,cumulative_sales
1104,2023-11-01,Cold Dispensed Beverages,1152,cumulative_sales
1105,2023-11-01,Frozen Dispensed Beverages,1414,cumulative_sales
1106,2023-11-01,Car Wash Sls,1473,cumulative_sales
1107,2023-11-01,Car Wash Vending Sales,879,cumulative_sales
1108,2023-11-01,Chilled Bev Fee,973,cumulative_sales
1109,2023-11-01,Coupons,1583,cumulative_sales
1110,2023-11-01,Cravins To Order,802,cumulative_sales
1111,2023-11-01,CTO Ing Shelf Stable,1240,cumulative_sales
1112,2023-11-01,Fe Gift Cards Radiant,1265,cumulative_sales
1113,2023-11-01,Floral,1115,cumulative_sales
1114,2023-11-01,Fresh Bakery,793,cumulative_sales
1115,2023-11-01,Gen Merch Scan Data Sales,1354,cumulative_sales
1116,2023-11-01,JW European Cafe,1192,cumulative_sales
1117,2023-11-01,Lottery Instant Tickets,1007,cumulative_sales
1118,2023-11-01,Lottery ITVM Instant Tickets,1115,cumulative_sales
1119,2023-11-01,Lottery Online Sales,1211,cumulative_sales
1120,2023-11-01,Manual Fuel Radiant,1259,cumulative_sales
1121,2023-11-01,Money Orders Radiant,1042,cumulative_sales
1122,2023-11-01,Money Transfers,1168,cumulative_sales
1123,2023-11-01,No Scan Merch Radiant,805,cumulative_sales
1124,2023-11-01,Novelty,1036,cumulative_sales
1125,2023-11-01,Phone Card Fee,1290,cumulative_sales
1126,2023-11-01,Supplies-retail,1426,cumulative_sales
1127,2023-12-01,Cigarettes,1250,cumulative_sales
1128,2023-12-01,Other Tobacco,1014,cumulative_sales
1129,2023-12-01,Beer,1424,cumulative_sales
1130,2023-12-01,Wine,1140,cumulative_sales
1131,2023-12-01,Packaged Beverages-nonalcoh,1211,cumulative_sales
1132,2023-12-01,Candy,564,cumulative_sales
1133,2023-12-01,Fluid Milk Products,1371,cumulative_sales
1134,2023-12-01,Other Dairy Deli,979,cumulative_sales
1135,2023-12-01,Pkg Sand Other Products,1136,cumulative_sales
1136,2023-12-01,Packaged Ice Cream Novelty,1000,cumulative_sales
1137,2023-12-01,Frozen Foods,1188,cumulative_sales
1138,2023-12-01,Packaged Bread Comm Bakery,782,cumulative_sales
1139,2023-12-01,Salty Snacks,944,cumulative_sales
1140,2023-12-01,Packaged Sweet Snacks,1455,cumulative_sales
1141,2023-12-01,Alternative Snacks,880,cumulative_sales
1142,2023-12-01,Fresh Foods - Perish Groc,1151,cumulative_sales
1143,2023-12-01,Edible Grocery,559,cumulative_sales
1144,2023-12-01,Non-edible Grocery,1076,cumulative_sales
1145,2023-12-01,Health And Beauty Care,1387,cumulative_sales
1146,2023-12-01,General Merchandise,1538,cumulative_sales
1147,2023-12-01,Publications,732,cumulative_sales
1148,2023-12-01,Automotive Products,746,cumulative_sales
1149,2023-12-01,Store Services Fee Income,860,cumulative_sales
1150,2023-12-01,Store Services Fee Inc Tax,771,cumulative_sales
1151,2023-12-01,Ice Bags,1292,cumulative_sales
1152,2023-12-01,Hot Dispensed Beverages,980,cumulative_sales
1153,2023-12-01,Cold Dispensed Beverages,1066,cumulative_sales
1154,2023-12-01,Frozen Dispensed Beverages,1398,cumulative_sales
1155,2023-12-01,Car Wash Sls,1533,cumulative_sales
1156,2023-12-01,Car Wash Vending Sales,1375,cumulative_sales
1157,2023-12-01,Chilled Bev Fee,1102,cumulative_sales
1158,2023-12-01,Coupons,570,cumulative_sales
1159,2023-12-01,Cravins To Order,1027,cumulative_sales
1160,2023-12-01,CTO Ing Shelf Stable,1300,cumulative_sales
1161,2023-12-01,Fe Gift Cards Radiant,841,cumulative_sales
1162,2023-12-01,Floral,856,cumulative_sales
1163,2023-12-01,Fresh Bakery,1317,cumulative_sales
1164,2023-12-01,Gen Merch Scan Data Sales,1273,cumulative_sales
1165,2023-12-01,JW European Cafe,1335,cumulative_sales
1166,2023-12-01,Lottery Instant Tickets,824,cumulative_sales
1167,2023-12-01,Lottery ITVM Instant Tickets,1559,cumulative_sales
1168,2023-12-01,Lottery Online Sales,1081,cumulative_sales
1169,2023-12-01,Manual Fuel Radiant,786,cumulative_sales
1170,2023-12-01,Money Orders Radiant,1071,cumulative_sales
1171,2023-12-01,Money Transfers,1138,cumulative_sales
1172,2023-12-01,No Scan Merch Radiant,1067,cumulative_sales
1173,2023-12-01,Novelty,1015,cumulative_sales
1174,2023-12-01,Phone Card Fee,1330,cumulative_sales
1175,2023-12-01,Supplies-retail,884,cumulative_sales
